iterations,batches,updates,train_instances_seen,train_cost,test_cost,train_accuracy,test_accuracy,train_f1,test_f1
1,1,1,32,0.6973727279558977,0.6572649182369691,0.6730769230769231,0.6666666666666666,0.5603205305332966,0.5110896817743491
1,2,2,64,0.6793818280671196,0.6441074421808977,0.6730769230769231,0.6923076923076923,0.5603205305332966,0.5282258064516129
1,3,3,96,0.6547915244402753,0.6322010099729507,0.6987179487179487,0.6923076923076923,0.5715037110630589,0.47767857142857145
1,4,4,128,0.6413859799505064,0.6179808500826919,0.7051282051282052,0.6923076923076923,0.5763872491145219,0.5282258064516129
1,5,5,156,0.614281885600593,0.6094264980670826,0.7243589743589743,0.7692307692307693,0.5821862348178137,0.5237449118046134
2,1,6,188,0.6023239923898859,0.5996751474245064,0.7243589743589743,0.7692307692307693,0.5821862348178137,0.5237449118046134
2,2,7,220,0.5923468829491517,0.5942792144621141,0.7307692307692307,0.7692307692307693,0.5871975806451613,0.5237449118046134
2,3,8,252,0.5797749291194003,0.5917014282590709,0.7435897435897436,0.7435897435897436,0.5873015873015872,0.4264705882352941
2,4,9,284,0.571240199135922,0.5838743490651302,0.75,0.7435897435897436,0.5924164266094996,0.4264705882352941
2,5,10,312,0.5630187806817847,0.5762051811934814,0.75,0.7435897435897436,0.6026386258245706,0.4264705882352941
3,1,11,344,0.5540592830810923,0.5708229117483459,0.75,0.7692307692307693,0.5924164266094996,0.5237449118046134
3,2,12,376,0.5486149534522778,0.5710082026194516,0.75,0.7435897435897436,0.5924164266094996,0.4264705882352941
3,3,13,408,0.5402443487595242,0.559377902414371,0.7628205128205128,0.7948717948717948,0.6230161321925413,0.6060606060606061
3,4,14,440,0.5332600762063817,0.5503035351050979,0.7628205128205128,0.7948717948717948,0.6230161321925413,0.6060606060606061
3,5,15,468,0.5263011517842774,0.5546285106841486,0.7564102564102564,0.7692307692307693,0.607936507936508,0.5237449118046134
4,1,16,500,0.5192968101906893,0.5482039826078636,0.7564102564102564,0.7692307692307693,0.607936507936508,0.5237449118046134
4,2,17,532,0.5144384066924514,0.5428225958023023,0.7628205128205128,0.7948717948717948,0.6230161321925413,0.6060606060606061
4,3,18,564,0.5061940509023292,0.5404638929161937,0.7756410256410257,0.7948717948717948,0.6342198700341662,0.6060606060606061
4,4,19,596,0.5025714721106693,0.5406652160992849,0.7756410256410257,0.7692307692307693,0.6243550051599588,0.5237449118046134
4,5,20,624,0.49794796310968836,0.5361809723499499,0.7756410256410257,0.7692307692307693,0.6243550051599588,0.5237449118046134
5,1,21,656,0.4923968878867653,0.5282051116406619,0.782051282051282,0.8205128205128205,0.6492063492063491,0.676923076923077
5,2,22,688,0.4877599911218765,0.5231921812197802,0.782051282051282,0.8205128205128205,0.6492063492063491,0.676923076923077
5,3,23,720,0.4821432523109627,0.5218028399475224,0.7884615384615384,0.8205128205128205,0.6551215917464996,0.676923076923077
5,4,24,752,0.4775109132303387,0.5200252089045465,0.7884615384615384,0.8205128205128205,0.6551215917464996,0.676923076923077
5,5,25,780,0.4753289871600504,0.5257771763653484,0.782051282051282,0.7948717948717948,0.6300223214285714,0.6060606060606061
6,1,26,812,0.46994537269083336,0.5212034369107847,0.7884615384615384,0.7948717948717948,0.6458204334365325,0.6060606060606061
6,2,27,844,0.4664950558374363,0.5196496585762824,0.8012820512820513,0.8205128205128205,0.6578705341351256,0.676923076923077
6,3,28,876,0.4637477665273325,0.5163603259766086,0.7948717948717948,0.8205128205128205,0.6517857142857142,0.676923076923077
6,4,29,908,0.4601121083972735,0.5186481274715512,0.8012820512820513,0.8205128205128205,0.6578705341351256,0.676923076923077
6,5,30,936,0.45510238287894417,0.5115522741608317,0.8012820512820513,0.8205128205128205,0.6578705341351256,0.676923076923077
7,1,31,968,0.4504407087406904,0.5056744577259382,0.7756410256410257,0.7948717948717948,0.6342198700341662,0.6517857142857143
7,2,32,1000,0.44732814966285583,0.501548995236238,0.7756410256410257,0.7948717948717948,0.643393638560512,0.6517857142857143
7,3,33,1032,0.44455664611632434,0.5003835324290904,0.7756410256410257,0.7948717948717948,0.643393638560512,0.6517857142857143
7,4,34,1064,0.44123574045431524,0.5034599883013675,0.7948717948717948,0.7948717948717948,0.6517857142857142,0.6517857142857143
7,5,35,1092,0.4383738077838386,0.5048598866673296,0.8076923076923077,0.7948717948717948,0.6640826873385013,0.6517857142857143
8,1,36,1124,0.43405892919084627,0.500903257264554,0.7948717948717948,0.7948717948717948,0.6517857142857142,0.6517857142857143
8,2,37,1156,0.43271220302841723,0.5029842756963467,0.8076923076923077,0.7948717948717948,0.6640826873385013,0.6517857142857143
8,3,38,1188,0.4281602244263291,0.49706822683569934,0.7948717948717948,0.7948717948717948,0.6517857142857142,0.6517857142857143
8,4,39,1220,0.42581464337947783,0.4973643582956918,0.7948717948717948,0.7948717948717948,0.6517857142857142,0.6517857142857143
8,5,40,1248,0.423478621053264,0.4969751047804782,0.8012820512820513,0.7948717948717948,0.6672858617131063,0.6517857142857143
9,1,41,1280,0.4222764007737711,0.4991336465746463,0.8141025641025641,0.7948717948717948,0.6704305383550666,0.6517857142857143
9,2,42,1312,0.4196351708902971,0.4942092520048268,0.8012820512820513,0.7948717948717948,0.6672858617131063,0.6517857142857143
9,3,43,1344,0.41720054031188986,0.4941773150310209,0.8012820512820513,0.7948717948717948,0.6672858617131063,0.6517857142857143
9,4,44,1376,0.41416836079280994,0.4931956690831134,0.8076923076923077,0.7948717948717948,0.6735491071428571,0.6517857142857143
9,5,45,1404,0.40993837063011124,0.48994490232470883,0.8141025641025641,0.7948717948717948,0.6887512899896802,0.6517857142857143
10,1,46,1436,0.4082616089217689,0.48825167747780956,0.8076923076923077,0.7692307692307693,0.6823241922345914,0.6285714285714286
10,2,47,1468,0.4053745934984202,0.48711191545212634,0.8076923076923077,0.7948717948717948,0.6823241922345914,0.6517857142857143
10,3,48,1500,0.4025844566090342,0.48632342294158565,0.8076923076923077,0.7692307692307693,0.6823241922345914,0.6285714285714286
10,4,49,1532,0.40011628800939897,0.4866829526512517,0.8076923076923077,0.7692307692307693,0.6823241922345914,0.6285714285714286
10,5,50,1560,0.3980742296143245,0.48584550899141793,0.8076923076923077,0.7692307692307693,0.6823241922345914,0.6285714285714286
11,1,51,1592,0.39550468412521866,0.48808338335379486,0.8205128205128205,0.7948717948717948,0.6953125,0.6517857142857143
11,2,52,1624,0.39247640916728166,0.4821114515379324,0.8269230769230769,0.7948717948717948,0.7249036640323949,0.685483870967742
11,3,53,1656,0.39071304968176107,0.4817094752296523,0.8205128205128205,0.7948717948717948,0.7111111111111111,0.685483870967742
11,4,54,1688,0.38868474179872764,0.481573825267315,0.8269230769230769,0.7692307692307693,0.7178267568834996,0.6285714285714286
11,5,55,1716,0.38745286613876745,0.48273753927104984,0.8269230769230769,0.7948717948717948,0.7178267568834996,0.685483870967742
12,1,56,1748,0.3850531964985936,0.4795260976761267,0.8333333333333334,0.7948717948717948,0.7317460317460318,0.685483870967742
12,2,57,1780,0.38241753308667875,0.4819033207079096,0.8333333333333334,0.7948717948717948,0.7317460317460318,0.685483870967742
12,3,58,1812,0.3804279925401403,0.47994398147903106,0.8333333333333334,0.7948717948717948,0.7317460317460318,0.685483870967742
12,4,59,1844,0.3790535238257909,0.4783975133289407,0.8333333333333334,0.7948717948717948,0.7317460317460318,0.685483870967742
12,5,60,1872,0.37764569302996276,0.48050227584140875,0.8333333333333334,0.7948717948717948,0.7317460317460318,0.685483870967742
13,1,61,1904,0.37650300328079506,0.48215859237013864,0.8333333333333334,0.7948717948717948,0.7246809666033125,0.685483870967742
13,2,62,1936,0.3754256359288401,0.48323654654548104,0.8461538461538461,0.7948717948717948,0.7388392857142856,0.6517857142857143
13,3,63,1968,0.3727067202617107,0.4800504232732958,0.8397435897435898,0.7948717948717948,0.738728478595833,0.685483870967742
13,4,64,2000,0.37119950152999504,0.48041135238036886,0.8397435897435898,0.7692307692307693,0.738728478595833,0.6285714285714286
13,5,65,2028,0.36824482175887313,0.4758402055767141,0.8397435897435898,0.8205128205128205,0.7452811704003657,0.7367405978784957
14,1,66,2060,0.3664468578750035,0.47725747000132945,0.8333333333333334,0.8205128205128205,0.7317460317460318,0.7367405978784957
14,2,67,2092,0.36413041522671813,0.47441834331153965,0.8589743589743589,0.8205128205128205,0.7837701612903226,0.7367405978784957
14,3,68,2124,0.36313593376219727,0.4735085775785307,0.8653846153846154,0.7948717948717948,0.7959514170040486,0.711111111111111
14,4,69,2156,0.3621898842650932,0.4726127793617004,0.8653846153846154,0.7948717948717948,0.7959514170040486,0.711111111111111
14,5,70,2184,0.35953464569889976,0.4746821916212068,0.8525641025641025,0.8205128205128205,0.771275578504494,0.7367405978784957
15,1,71,2216,0.35793253061399083,0.4761066485845081,0.8589743589743589,0.7948717948717948,0.7837701612903226,0.711111111111111
15,2,72,2248,0.35655976551117513,0.47450374642966703,0.8653846153846154,0.7948717948717948,0.7959514170040486,0.711111111111111
15,3,73,2280,0.3543445002964652,0.4727171625255525,0.8653846153846154,0.7948717948717948,0.7959514170040486,0.711111111111111
15,4,74,2312,0.3531553226688307,0.4737615926224366,0.8525641025641025,0.8205128205128205,0.771275578504494,0.7367405978784957
15,5,75,2340,0.35149638628157936,0.47280311769181255,0.8653846153846154,0.8205128205128205,0.7959514170040486,0.7367405978784957
16,1,76,2372,0.3494703595113818,0.47289992913743323,0.8653846153846154,0.8205128205128205,0.7959514170040486,0.7367405978784957
16,2,77,2404,0.34785214894951333,0.4707749730416582,0.8653846153846154,0.7948717948717948,0.7959514170040486,0.711111111111111
16,3,78,2436,0.3469751090698386,0.4721200530645578,0.8653846153846154,0.8205128205128205,0.7959514170040486,0.7367405978784957
16,4,79,2468,0.3455332768973018,0.47014724357125376,0.8653846153846154,0.7948717948717948,0.7959514170040486,0.711111111111111
16,5,80,2496,0.3440106366037705,0.4713210225928273,0.8653846153846154,0.8205128205128205,0.7959514170040486,0.7367405978784957
17,1,81,2528,0.3437940112516599,0.4729189620633833,0.8782051282051282,0.8205128205128205,0.8110537387645822,0.7367405978784957
17,2,82,2560,0.341519477705912,0.4689696712688926,0.8653846153846154,0.8205128205128205,0.7959514170040486,0.7367405978784957
17,3,83,2592,0.34035324838261016,0.47039477496388,0.8782051282051282,0.8205128205128205,0.8110537387645822,0.7367405978784957
17,4,84,2624,0.3380397746099214,0.4689811950206585,0.8653846153846154,0.7948717948717948,0.7959514170040486,0.711111111111111
17,5,85,2652,0.3369117867379996,0.4693331930306458,0.8653846153846154,0.8205128205128205,0.7959514170040486,0.7367405978784957
18,1,86,2684,0.33560391131590245,0.46875517304503206,0.8653846153846154,0.7948717948717948,0.7959514170040486,0.711111111111111
18,2,87,2716,0.3351082305342229,0.4712585281975345,0.8910256410256411,0.8205128205128205,0.8267911958722487,0.7367405978784957
18,3,88,2748,0.33373379722623764,0.4712390925268367,0.8910256410256411,0.8205128205128205,0.8267911958722487,0.7367405978784957
18,4,89,2780,0.3318051977827157,0.4704940939116605,0.8846153846153846,0.8205128205128205,0.8188387096774193,0.7367405978784957
18,5,90,2808,0.3304030132999844,0.4672983386784062,0.8653846153846154,0.7948717948717948,0.7959514170040486,0.711111111111111
19,1,91,2840,0.329908812702328,0.4682159247613616,0.8846153846153846,0.8205128205128205,0.8188387096774193,0.7367405978784957
19,2,92,2872,0.32859107156802103,0.4684133481029797,0.8846153846153846,0.8205128205128205,0.8188387096774193,0.7367405978784957
19,3,93,2904,0.32693141214899313,0.46670974959822137,0.8653846153846154,0.8205128205128205,0.7959514170040486,0.7367405978784957
19,4,94,2936,0.32551426652015786,0.4661883030887112,0.8653846153846154,0.7948717948717948,0.7959514170040486,0.711111111111111
19,5,95,2964,0.3243346346202818,0.4661322329094358,0.8653846153846154,0.7948717948717948,0.7959514170040486,0.711111111111111
20,1,96,2996,0.3239183863687815,0.46571963009649364,0.8653846153846154,0.7948717948717948,0.7959514170040486,0.711111111111111
20,2,97,3028,0.32211356123557744,0.4658842854708218,0.8717948717948718,0.7948717948717948,0.8034274193548386,0.711111111111111
20,3,98,3060,0.32015104101539704,0.4662947804709964,0.8653846153846154,0.7948717948717948,0.7959514170040486,0.711111111111111
20,4,99,3092,0.31965411381317893,0.4660348749438201,0.8653846153846154,0.7948717948717948,0.7959514170040486,0.711111111111111
20,5,100,3120,0.31856960479971697,0.4652864616362158,0.8782051282051282,0.7948717948717948,0.8110537387645822,0.711111111111111
